C,HR
"//FormAI DATASET v1.0 Category: Fibonacci Sequence Visualizer ; Style: safe
#include <stdio.h>
#include <stdlib.h>

int main() {
    int n, i;

    printf(""Enter the number of terms you want to generate in the Fibonacci Sequence: "");
    scanf(""%d"", &n);

    int fib[n];
    fib[0] = 0;
    fib[1] = 1;

    // starting with index 2, generates the remaining terms in the sequence
    for (i = 2; i < n; i++) {
        fib[i] = fib[i-1] + fib[i-2];
    }

    printf(""\nFibonacci Sequence for %d terms is: "", n);

    // prints the sequence
    for (i = 0; i < n; i++) {
        printf(""%d "", fib[i]);
    }

    // visualizes the sequence using stars, with each star representing one term in the sequence
    printf(""\n\nVisualizing the Fibonacci Sequence:\n"");

    for (i = 0; i < n; i++) {
        int j;
        for (j = 0; j < fib[i]; j++) {
            printf(""* "");
        }
        printf(""\n"");
    }

    printf(""\n"");
    return 0;
}","/* This file was generated by the Hex-Rays decompiler version 8.3.0.230608.
   Copyright (c) 2007-2021 Hex-Rays <info@hex-rays.com>

   Detected compiler: Visual C++
*/

#include <windows.h>
#include <defs.h>


//-------------------------------------------------------------------------
// Function declarations

int scanf(const char *const Format, ...);
int printf(const char *const Format, ...);
int __fastcall main(int argc, const char **argv, const char **envp);
__int64 __fastcall _main(_QWORD, _QWORD, _QWORD); // weak


//----- (00000001400015E2) ----------------------------------------------------
int __fastcall main(int argc, const char **argv, const char **envp)
{
  void *v3; // rsp
  int v5; // [rsp+20h] [rbp-20h] BYREF
  int v6; // [rsp+24h] [rbp-1Ch] BYREF
  int *v7; // [rsp+28h] [rbp-18h]
  __int64 v8; // [rsp+30h] [rbp-10h]
  int j; // [rsp+38h] [rbp-8h]
  int i; // [rsp+3Ch] [rbp-4h]

  _main(argc, argv, envp);
  printf(""Enter the number of terms you want to generate in the Fibonacci Sequence: "");
  scanf(""%d"", &v6);
  v8 = v6 - 1i64;
  v3 = alloca(16 * ((unsigned __int64)(4i64 * v6 + 15) >> 4));
  v7 = &v5;
  v5 = 0;
  v6 = 1;
  i = 2;
  printf(""\nFibonacci Sequence for %d terms is: "", 1i64);
  for ( i = 0; i < v6; ++i )
    printf(""%d "", (unsigned int)v7[i]);
  printf(""\n\nVisualizing the Fibonacci Sequence:\n"");
  for ( i = 0; i < v6; ++i )
  {
    for ( j = 0; j < v7[i]; ++j )
      printf(""* "");
    printf(""\n"");
  }
  printf(""\n"");
  return 0;
}
// 1400016CE: conditional instruction was optimized away because %var_34.4==2
// 140001850: using guessed type __int64 __fastcall _main(_QWORD, _QWORD, _QWORD);

// nfuncs=176 queued=1 decompiled=1 lumina nreq=0 worse=0 better=0
// ALL OK, 1 function(s) have been successfully decompiled
"